,station_name,station_no,station_id,ts_id,ts_name,parametertype_id,parametertype_name,from,to
0,ADR16-0153_1,ADR16-0153_1,42009,65566010,02.Final Water Elevation,536,Groundwater_elevation,2023-02-02T08:00:00.000Z,2023-12-11T08:00:00.000Z
5,PLP04-0019_1,PLP04-0019_1,41927,65573010,02.Final Water Elevation,536,Groundwater_elevation,2023-01-30T08:00:00.000Z,2024-04-05T08:00:00.000Z
8,PLP04-0051_1,PLP04-0051_1,42081,65576010,02.Final Water Elevation,536,Groundwater_elevation,2010-02-17T08:00:00.000Z,2023-12-05T08:00:00.000Z
12,PLP05-0002_1,PLP05-0002_1,42011,65580010,02.Final Water Elevation,536,Groundwater_elevation,2016-01-01T08:00:00.000Z,2023-12-28T08:00:00.000Z
13,PLP05-0002_2,PLP05-0002_2,42012,65581010,02.Final Water Elevation,536,Groundwater_elevation,2016-01-01T08:00:00.000Z,2023-12-28T08:00:00.000Z
14,PLP05-0005_1,PLP05-0005_1,41932,65582010,02.Final Water Elevation,536,Groundwater_elevation,2019-03-01T08:00:00.000Z,2023-11-14T08:00:00.000Z
16,PLP05-0052_1,PLP05-0052_1,42013,65584010,02.Final Water Elevation,536,Groundwater_elevation,2022-01-17T08:00:00.000Z,2023-12-14T08:00:00.000Z
18,PLP05-0079_1,PLP05-0079_1,42015,65586010,02.Final Water Elevation,536,Groundwater_elevation,2016-03-30T08:00:00.000Z,2023-12-06T08:00:00.000Z
22,PLP05-0089_1,PLP05-0089_1,42083,65590010,02.Final Water Elevation,536,Groundwater_elevation,2023-02-08T08:00:00.000Z,2023-12-11T08:00:00.000Z
25,PLP06-0044_1,PLP06-0044_1,42018,65593010,02.Final Water Elevation,536,Groundwater_elevation,2010-03-25T08:00:00.000Z,2023-12-06T08:00:00.000Z
26,PLP06-0056_1,PLP06-0056_1,41934,65594010,02.Final Water Elevation,536,Groundwater_elevation,2022-01-03T08:00:00.000Z,2022-12-05T08:00:00.000Z
30,PLP06-0081_1,PLP06-0081_1,42086,65598010,02.Final Water Elevation,536,Groundwater_elevation,2015-01-13T08:00:00.000Z,2023-12-18T08:00:00.000Z
32,PLP07-0011_1,PLP07-0011_1,41938,65600010,02.Final Water Elevation,536,Groundwater_elevation,2010-05-03T08:00:00.000Z,2023-12-04T08:00:00.000Z
37,PLP07-0037_1,PLP07-0037_1,42087,65605010,02.Final Water Elevation,536,Groundwater_elevation,2014-02-10T08:00:00.000Z,2023-11-13T08:00:00.000Z
41,PLP07-0096_1,PLP07-0096_1,42088,65609010,02.Final Water Elevation,536,Groundwater_elevation,2013-10-20T08:00:00.000Z,2023-11-17T08:00:00.000Z
42,PLP07-0097_1,PLP07-0097_1,41900,65610010,02.Final Water Elevation,536,Groundwater_elevation,2010-02-19T08:00:00.000Z,2023-11-15T08:00:00.000Z
46,PLP08-0084_1,PLP08-0084_1,42023,65614010,02.Final Water Elevation,536,Groundwater_elevation,2016-03-12T08:00:00.000Z,2017-12-30T08:00:00.000Z
49,PLP08-0089_1,PLP08-0089_1,42024,65617010,02.Final Water Elevation,536,Groundwater_elevation,2010-09-20T08:00:00.000Z,2023-12-30T08:00:00.000Z
50,PLP08-0095_1,PLP08-0095_1,42025,65618010,02.Final Water Elevation,536,Groundwater_elevation,2023-04-06T08:00:00.000Z,2024-07-14T08:00:00.000Z
51,PLP08-0098_1,PLP08-0098_1,42026,65619010,02.Final Water Elevation,536,Groundwater_elevation,2022-03-18T08:00:00.000Z,2023-12-15T08:00:00.000Z
54,PLP09-0001_1,PLP09-0001_1,41945,65622010,02.Final Water Elevation,536,Groundwater_elevation,2023-01-13T08:00:00.000Z,2023-12-21T08:00:00.000Z
57,PLP09-0004_2,PLP09-0004_2,42029,65625010,02.Final Water Elevation,536,Groundwater_elevation,2021-12-30T08:00:00.000Z,2023-12-28T08:00:00.000Z
58,PLP09-0004_3,PLP09-0004_3,42030,65626010,02.Final Water Elevation,536,Groundwater_elevation,2021-12-30T08:00:00.000Z,2023-12-28T08:00:00.000Z
59,PLP09-0010_1,PLP09-0010_1,42089,65627010,02.Final Water Elevation,536,Groundwater_elevation,2022-09-30T08:00:00.000Z,2023-12-31T08:00:00.000Z
62,PLP09-0035_1,PLP09-0035_1,42031,65630010,02.Final Water Elevation,536,Groundwater_elevation,2022-01-03T08:00:00.000Z,2023-10-02T08:00:00.000Z
63,PLP09-0057_1,PLP09-0057_1,41891,65631010,02.Final Water Elevation,536,Groundwater_elevation,2019-01-11T08:00:00.000Z,2023-12-12T08:00:00.000Z
64,PLP09-0062_1,PLP09-0062_1,42092,65632010,02.Final Water Elevation,536,Groundwater_elevation,2010-02-14T08:00:00.000Z,2013-03-18T08:00:00.000Z
65,PLP09-0075_1,PLP09-0075_1,41904,65633010,02.Final Water Elevation,536,Groundwater_elevation,2010-11-17T08:00:00.000Z,2023-11-07T08:00:00.000Z
66,PLP09-0081_1,PLP09-0081_1,41947,65634010,02.Final Water Elevation,536,Groundwater_elevation,2024-04-19T08:00:00.000Z,2024-04-19T08:00:00.000Z
68,PLP09-0098_1,PLP09-0098_1,42093,65636010,02.Final Water Elevation,536,Groundwater_elevation,2014-01-10T08:00:00.000Z,2015-01-06T08:00:00.000Z
71,PLP10-0050_1,PLP10-0050_1,42008,65639010,02.Final Water Elevation,536,Groundwater_elevation,2022-03-30T08:00:00.000Z,2023-12-16T08:00:00.000Z
72,PLP10-0055_1,PLP10-0055_1,42032,65640010,02.Final Water Elevation,536,Groundwater_elevation,2016-03-11T08:00:00.000Z,2019-12-01T08:00:00.000Z
73,PLP11-0017_1,PLP11-0017_1,42095,65641010,02.Final Water Elevation,536,Groundwater_elevation,2014-03-24T08:00:00.000Z,2023-12-21T08:00:00.000Z
76,PLP12-0008_1,PLP12-0008_1,42034,65644010,02.Final Water Elevation,536,Groundwater_elevation,2015-01-19T08:00:00.000Z,2020-12-18T08:00:00.000Z
77,PLP12-0009_1,PLP12-0009_1,42035,65645010,02.Final Water Elevation,536,Groundwater_elevation,2020-12-21T08:00:00.000Z,2023-11-17T08:00:00.000Z
78,PLP12-0020_1,PLP12-0020_1,41949,65646010,02.Final Water Elevation,536,Groundwater_elevation,2023-01-11T08:00:00.000Z,2023-01-11T08:00:00.000Z
79,PLP12-0029_1,PLP12-0029_1,41950,65647010,02.Final Water Elevation,536,Groundwater_elevation,2022-03-08T08:00:00.000Z,2023-12-28T08:00:00.000Z
80,PLP12-0034_1,PLP12-0034_1,41905,65648010,02.Final Water Elevation,536,Groundwater_elevation,2022-01-31T08:00:00.000Z,2023-12-15T08:00:00.000Z
82,PLP13-0004_1,PLP13-0004_1,41951,65650010,02.Final Water Elevation,536,Groundwater_elevation,2018-01-17T08:00:00.000Z,2023-12-17T08:00:00.000Z
83,PLP13-0006_1,PLP13-0006_1,42097,65651010,02.Final Water Elevation,536,Groundwater_elevation,2023-02-21T08:00:00.000Z,2023-11-13T08:00:00.000Z
85,PLP13-0042_1,PLP13-0042_1,42037,65653010,02.Final Water Elevation,536,Groundwater_elevation,2014-03-31T08:00:00.000Z,2023-12-30T08:00:00.000Z
87,PLP14-0004_1,PLP14-0004_1,41953,65655010,02.Final Water Elevation,536,Groundwater_elevation,2018-01-02T08:00:00.000Z,2023-12-01T08:00:00.000Z
90,PLP14-0071_1,PLP14-0071_1,41955,65658010,02.Final Water Elevation,536,Groundwater_elevation,2020-02-03T08:00:00.000Z,2023-12-06T08:00:00.000Z
102,PLP09-0004_6,PLP09-0004_6,619326,66140010,02.Final Water Elevation,536,Groundwater_elevation,2022-05-13T08:00:00.000Z,2023-12-28T08:00:00.000Z
103,PLP09-0035_2,PLP09-0035_2,619327,66142010,02.Final Water Elevation,536,Groundwater_elevation,2022-01-03T08:00:00.000Z,2023-12-01T08:00:00.000Z
104,PLP09-0035_3,PLP09-0035_3,619328,66144010,02.Final Water Elevation,536,Groundwater_elevation,2023-08-01T08:00:00.000Z,2023-12-01T08:00:00.000Z
105,PLP15-0012_1,PLP15-0012_1,619329,66146010,02.Final Water Elevation,536,Groundwater_elevation,2022-01-01T08:00:00.000Z,2023-12-04T08:00:00.000Z
107,PLP10-0050_2,PLP10-0050_2,622257,66256010,02.Final Water Elevation,536,Groundwater_elevation,2013-12-30T08:00:00.000Z,2023-12-16T08:00:00.000Z
108,PLP17-0029_1,PLP17-0029_1,622259,66258010,02.Final Water Elevation,536,Groundwater_elevation,2022-01-18T08:00:00.000Z,2023-09-20T08:00:00.000Z
109,PLP97-0046_1,PLP97-0046_1,622290,66260010,02.Final Water Elevation,536,Groundwater_elevation,2019-02-08T08:00:00.000Z,2023-12-28T08:00:00.000Z
110,PLP97-0069_1,PLP97-0069_1,41907,65659010,02.Final Water Elevation,536,Groundwater_elevation,2022-01-05T08:00:00.000Z,2023-12-22T08:00:00.000Z
0,Son0002,SV-F06-02,13749,30046010,02.Final Water Elevation,536,Groundwater_elevation,1964-08-01T08:00:00.000Z,2017-10-07T08:00:00.000Z
1,Son0004,SV-G03-02,13750,30050010,02.Final Water Elevation,536,Groundwater_elevation,2003-05-04T08:00:00.000Z,2017-11-03T08:00:00.000Z
2,Son0005,SV-G03-03,13751,30054010,02.Final Water Elevation,536,Groundwater_elevation,2003-05-04T08:00:00.000Z,2021-07-06T08:00:00.000Z
3,Son0006,SV-G03-04,13752,30058010,02.Final Water Elevation,536,Groundwater_elevation,2003-08-27T08:00:00.000Z,2019-10-25T08:00:00.000Z
4,Son0007,SV-G03-06,13753,30062010,02.Final Water Elevation,536,Groundwater_elevation,2003-05-04T08:00:00.000Z,2019-10-25T08:00:00.000Z
5,Son0008,SV-G04-01,13754,30066010,02.Final Water Elevation,536,Groundwater_elevation,2004-10-17T08:00:00.000Z,2015-10-23T08:00:00.000Z
6,Son0009,SV-G04-02,13755,30070010,02.Final Water Elevation,536,Groundwater_elevation,1970-03-25T08:00:00.000Z,2024-05-01T08:00:00.000Z
7,Son0010,SV-G04-03,13756,30074010,02.Final Water Elevation,536,Groundwater_elevation,2009-05-09T08:00:00.000Z,2017-04-15T08:00:00.000Z
8,Son0011,SV-G04-04,13757,30078010,02.Final Water Elevation,536,Groundwater_elevation,2010-05-01T08:00:00.000Z,2024-04-09T18:50:00.000Z
9,Son0012,SV-G04-05,13758,30082010,02.Final Water Elevation,536,Groundwater_elevation,2012-05-04T08:00:00.000Z,2022-05-04T18:00:00.000Z
10,Son0013,SV-G04-06,13759,30086010,02.Final Water Elevation,536,Groundwater_elevation,2010-05-01T08:00:00.000Z,2024-04-09T21:40:00.000Z
11,Son0014,SV-G04-07,13760,30090010,02.Final Water Elevation,536,Groundwater_elevation,2012-05-01T08:00:00.000Z,2019-04-23T08:00:00.000Z
12,Son0015,SV-G04-08,13761,30094010,02.Final Water Elevation,536,Groundwater_elevation,2014-10-10T08:00:00.000Z,2015-10-23T08:00:00.000Z
13,Son0016,SV-G04-09,13762,30098010,02.Final Water Elevation,536,Groundwater_elevation,2016-05-05T08:00:00.000Z,2024-04-09T19:05:00.000Z
14,Son0017,SV-G05-01,13763,30102010,02.Final Water Elevation,536,Groundwater_elevation,2010-05-01T08:00:00.000Z,2017-11-01T08:00:00.000Z
15,Son0018,SV-G05-02,13764,30106010,02.Final Water Elevation,536,Groundwater_elevation,2010-05-01T08:00:00.000Z,2015-10-23T08:00:00.000Z
16,Son0019,SV-G08-01,13765,30110010,02.Final Water Elevation,536,Groundwater_elevation,2010-05-01T08:00:00.000Z,2024-04-10T20:30:00.000Z
18,Son0021,SV-H03-01,13767,30118010,02.Final Water Elevation,536,Groundwater_elevation,2010-05-01T08:00:00.000Z,2024-04-09T17:30:00.000Z
19,Son0022,SV-H04-01,13768,30122010,02.Final Water Elevation,536,Groundwater_elevation,2009-05-09T08:00:00.000Z,2017-11-02T08:00:00.000Z
20,Son0023,SV-H04-03,13769,30126010,02.Final Water Elevation,536,Groundwater_elevation,2009-05-20T08:00:00.000Z,2021-04-27T08:00:00.000Z
21,Son0024,SV-H04-04,13770,30130010,02.Final Water Elevation,536,Groundwater_elevation,2004-08-14T08:00:00.000Z,2019-10-21T08:00:00.000Z
22,Son0025,SV-H04-05,13771,30134010,02.Final Water Elevation,536,Groundwater_elevation,2010-05-01T08:00:00.000Z,2024-04-09T22:00:00.000Z
23,Son0027,SV-H05-01,13772,30138010,02.Final Water Elevation,536,Groundwater_elevation,2008-11-08T08:00:00.000Z,2021-10-15T08:00:00.000Z
24,Son0028,SV-H05-02,13773,30142010,02.Final Water Elevation,536,Groundwater_elevation,2003-10-05T08:00:00.000Z,2024-04-09T20:45:00.000Z
25,Son0029,SV-H05-03,13774,30146010,02.Final Water Elevation,536,Groundwater_elevation,2009-04-26T08:00:00.000Z,2015-10-23T08:00:00.000Z
26,Son0030,SV-H06-01,13775,30150010,02.Final Water Elevation,536,Groundwater_elevation,2010-05-01T08:00:00.000Z,2017-11-02T08:00:00.000Z
27,Son0031,SV-H06-02,13776,30154010,02.Final Water Elevation,536,Groundwater_elevation,2004-02-07T08:00:00.000Z,2019-10-22T08:00:00.000Z
28,Son0032,SV-H06-03,13777,30158010,02.Final Water Elevation,536,Groundwater_elevation,1977-10-31T08:00:00.000Z,2024-04-10T20:10:00.000Z
29,Son0033,SV-H06-04,13778,30162010,02.Final Water Elevation,536,Groundwater_elevation,2004-02-21T08:00:00.000Z,2023-10-12T08:00:00.000Z
30,Son0034,SV-H06-05,13779,30166010,02.Final Water Elevation,536,Groundwater_elevation,2014-03-21T08:00:00.000Z,2021-10-15T08:00:00.000Z
31,Son0035,SV-H06-06,13780,30170010,02.Final Water Elevation,536,Groundwater_elevation,2014-07-29T08:00:00.000Z,2024-04-09T21:20:00.000Z
32,Son0036,SV-H07-01,13781,30174010,02.Final Water Elevation,536,Groundwater_elevation,2010-05-01T08:00:00.000Z,2024-04-10T19:30:00.000Z
33,Son0037,SV-H08-01,13782,30178010,02.Final Water Elevation,536,Groundwater_elevation,2009-05-30T08:00:00.000Z,2021-10-03T08:00:00.000Z
34,Son0038,SV-H08-02,13783,30182010,02.Final Water Elevation,536,Groundwater_elevation,2009-06-29T08:00:00.000Z,2024-04-10T19:45:00.000Z
35,Son0039,SV-H08-03,13784,30186010,02.Final Water Elevation,536,Groundwater_elevation,2010-05-01T08:00:00.000Z,2019-04-24T08:00:00.000Z
36,Son0040,SV-H12-01,13785,30190010,02.Final Water Elevation,536,Groundwater_elevation,2008-10-27T08:00:00.000Z,2017-11-17T08:00:00.000Z
37,Son0041,SV-H12-02,13786,30194010,02.Final Water Elevation,536,Groundwater_elevation,2008-10-27T08:00:00.000Z,2017-11-17T08:00:00.000Z
38,Son0042,SV-H12-03,13787,30198010,02.Final Water Elevation,536,Groundwater_elevation,2008-10-29T19:07:09.000Z,2017-11-17T08:00:00.000Z
39,Son0043,SV-H13-01,13788,30202010,02.Final Water Elevation,536,Groundwater_elevation,2008-11-17T19:31:28.000Z,2017-11-17T08:00:00.000Z
40,Son0044,SV-H14-01,13789,30206010,02.Final Water Elevation,536,Groundwater_elevation,2008-11-13T19:48:07.000Z,2017-11-22T08:00:00.000Z
41,Son0045,SV-H14-02,13790,30210010,02.Final Water Elevation,536,Groundwater_elevation,2008-10-30T19:55:25.000Z,2017-11-22T08:00:00.000Z
42,Son0046,SV-H14-03,13791,30214010,02.Final Water Elevation,536,Groundwater_elevation,2008-11-15T20:05:02.000Z,2017-11-22T08:00:00.000Z
43,Son0047,SV-I06-01,13792,30218010,02.Final Water Elevation,536,Groundwater_elevation,2003-02-01T08:00:00.000Z,2024-04-09T18:00:00.000Z
44,Son0048,SV-I06-02,13793,30222010,02.Final Water Elevation,536,Groundwater_elevation,2004-02-07T08:00:00.000Z,2024-04-10T21:20:00.000Z
45,Son0049,SV-I07-01,13794,30226010,02.Final Water Elevation,536,Groundwater_elevation,2001-01-24T08:00:00.000Z,2015-10-30T08:00:00.000Z
46,Son0050,SV-I07-02,13795,30230010,02.Final Water Elevation,536,Groundwater_elevation,2010-05-01T08:00:00.000Z,2016-05-06T08:00:00.000Z
47,Son0051,SV-I12-01,13796,30234010,02.Final Water Elevation,536,Groundwater_elevation,2014-04-04T08:00:00.000Z,2015-05-01T08:00:00.000Z
48,Son0052,SV-I13-01,13797,30238010,02.Final Water Elevation,536,Groundwater_elevation,1993-01-01T08:00:00.000Z,2017-11-22T08:00:00.000Z
49,Son0053,SV-J07-01,13798,30242010,02.Final Water Elevation,536,Groundwater_elevation,2001-04-28T08:00:00.000Z,2023-04-14T21:00:00.000Z
50,Son0054,SV-J07-02,13799,30246010,02.Final Water Elevation,536,Groundwater_elevation,2009-04-26T08:00:00.000Z,2023-10-12T08:00:00.000Z
51,Son0055,SV-J07-03,13800,30250010,02.Final Water Elevation,536,Groundwater_elevation,1974-10-31T08:00:00.000Z,2018-03-19T08:00:00.000Z
52,Son0056,SV-J07-04,13801,30254010,02.Final Water Elevation,536,Groundwater_elevation,1997-10-24T08:00:00.000Z,2013-04-19T08:00:00.000Z
53,Son0057,SV-J08-01,13802,30258010,02.Final Water Elevation,536,Groundwater_elevation,1980-10-09T08:00:00.000Z,2018-02-16T08:00:00.000Z
54,Son0058,SV-J08-02,13803,30262010,02.Final Water Elevation,536,Groundwater_elevation,1996-05-07T08:00:00.000Z,2008-10-08T08:00:00.000Z
55,Son0059,SV-J08-03,13804,30266010,02.Final Water Elevation,536,Groundwater_elevation,2009-04-28T08:00:00.000Z,2019-10-23T18:26:00.000Z
56,Son0060,SV-J08-05,13805,30270010,02.Final Water Elevation,536,Groundwater_elevation,2000-04-03T08:00:00.000Z,2017-11-01T08:00:00.000Z
57,Son0061,SV-J10-01,13806,30274010,02.Final Water Elevation,536,Groundwater_elevation,2001-10-05T08:00:00.000Z,2014-09-09T08:00:00.000Z
58,Son0062,SV-J12-05,13807,30278010,02.Final Water Elevation,536,Groundwater_elevation,2009-04-15T08:00:00.000Z,2016-04-11T08:00:00.000Z
59,Son0063,SV-J12-06,13808,30282010,02.Final Water Elevation,536,Groundwater_elevation,2009-03-12T08:00:00.000Z,2012-10-25T08:00:00.000Z
60,Son0064,SV-J13-01,13809,30286010,02.Final Water Elevation,536,Groundwater_elevation,1999-11-09T08:00:00.000Z,2023-04-14T19:00:00.000Z
61,Son0065,SV-J13-02,13810,30290010,02.Final Water Elevation,536,Groundwater_elevation,2000-10-16T08:00:00.000Z,2017-10-27T08:00:00.000Z
62,Son0066,SV-J13-03,13811,30294010,02.Final Water Elevation,536,Groundwater_elevation,2002-11-13T08:00:00.000Z,2018-05-08T08:00:00.000Z
63,Son0067,SV-J13-04,13812,30298010,02.Final Water Elevation,536,Groundwater_elevation,2005-11-16T08:00:00.000Z,2011-06-01T08:00:00.000Z
64,Son0068,SV-J13-05,13813,30302010,02.Final Water Elevation,536,Groundwater_elevation,2006-03-23T08:00:00.000Z,2019-04-23T08:00:00.000Z
65,Son0069,SV-K11-01,13814,30306010,02.Final Water Elevation,536,Groundwater_elevation,1999-11-05T08:00:00.000Z,2023-10-20T19:40:00.000Z
66,Son0070,SV-K13-01,13815,30310010,02.Final Water Elevation,536,Groundwater_elevation,2009-05-29T08:00:00.000Z,2017-10-26T08:00:00.000Z
67,Son0074,SV-K13-05,13816,30314010,02.Final Water Elevation,536,Groundwater_elevation,2000-09-21T08:00:00.000Z,2019-11-06T08:00:00.000Z
68,Son0075,SV-K13-06,13817,30318010,02.Final Water Elevation,536,Groundwater_elevation,2002-01-25T08:00:00.000Z,2007-10-27T08:00:00.000Z
69,Son0076,SV-K13-07,13818,30322010,02.Final Water Elevation,536,Groundwater_elevation,2000-10-19T08:00:00.000Z,2023-10-20T19:20:00.000Z
70,Son0077,SV-K13-08,13819,30326010,02.Final Water Elevation,536,Groundwater_elevation,2000-10-17T08:00:00.000Z,2015-10-21T08:00:00.000Z
71,Son0078,SV-K13-09,13820,30330010,02.Final Water Elevation,536,Groundwater_elevation,1974-04-03T08:00:00.000Z,2024-05-01T08:00:00.000Z
72,Son0079,SV-K13-10,13821,30334010,02.Final Water Elevation,536,Groundwater_elevation,2009-11-20T08:00:00.000Z,2012-04-27T08:00:00.000Z
73,Son0080,SV-K13-12,13822,30338010,02.Final Water Elevation,536,Groundwater_elevation,1994-04-07T08:00:00.000Z,2008-01-15T08:00:00.000Z
74,Son0081,SV-K13-13,13823,30342010,02.Final Water Elevation,536,Groundwater_elevation,1997-12-03T08:00:00.000Z,2019-11-15T08:00:00.000Z
75,Son0082,SV-K13-14,13824,30346010,02.Final Water Elevation,536,Groundwater_elevation,2014-05-02T08:00:00.000Z,2015-05-12T08:00:00.000Z
76,Son0083,SV-K14-01,13825,30350010,02.Final Water Elevation,536,Groundwater_elevation,2001-07-24T08:00:00.000Z,2023-10-20T18:30:00.000Z
77,Son0084,SV-K14-02,13826,30354010,02.Final Water Elevation,536,Groundwater_elevation,1999-11-05T08:00:00.000Z,2022-05-03T18:30:00.000Z
78,Son0085,SV-K14-03,13827,30358010,02.Final Water Elevation,536,Groundwater_elevation,1999-11-18T08:00:00.000Z,2009-04-19T08:00:00.000Z
79,Son0087,SV-K14-06,13828,30362010,02.Final Water Elevation,536,Groundwater_elevation,2001-10-10T08:00:00.000Z,2023-10-20T18:45:00.000Z
80,Son0088,SV-K14-04,13829,30366010,02.Final Water Elevation,536,Groundwater_elevation,2000-04-03T08:00:00.000Z,2018-11-03T08:00:00.000Z
81,Son0089,SV-K15-01,13830,30370010,02.Final Water Elevation,536,Groundwater_elevation,2000-01-27T08:00:00.000Z,2019-10-23T08:00:00.000Z
82,Son0091,SV-K15-03,13831,30374010,02.Final Water Elevation,536,Groundwater_elevation,2000-04-03T08:00:00.000Z,2023-10-20T18:00:00.000Z
83,Son0092,SV-K15-04,13832,30378010,02.Final Water Elevation,536,Groundwater_elevation,2001-04-16T08:00:00.000Z,2010-11-02T08:00:00.000Z
84,Son0093,SV-K15-05,13833,30382010,02.Final Water Elevation,536,Groundwater_elevation,2000-04-03T08:00:00.000Z,2017-10-26T08:00:00.000Z
85,Son0094,SV-K15-06,13834,30386010,02.Final Water Elevation,536,Groundwater_elevation,2000-04-03T08:00:00.000Z,2019-11-07T08:00:00.000Z
86,Son0095,SV-K15-09,13835,30390010,02.Final Water Elevation,536,Groundwater_elevation,1978-04-07T08:00:00.000Z,2015-10-26T08:00:00.000Z
87,Son0096,SV-K15-10,13836,30394010,02.Final Water Elevation,536,Groundwater_elevation,2009-04-15T08:00:00.000Z,2019-10-23T08:00:00.000Z
88,Son0097,SV-K15-11,13837,30398010,02.Final Water Elevation,536,Groundwater_elevation,2010-03-15T08:00:00.000Z,2014-01-30T08:00:00.000Z
89,Son0098,SV-K15-12,13838,30402010,02.Final Water Elevation,536,Groundwater_elevation,2010-03-15T08:00:00.000Z,2014-02-09T08:00:00.000Z
90,Son0099,SV-L11-01,13839,30406010,02.Final Water Elevation,536,Groundwater_elevation,2003-07-11T08:00:00.000Z,2017-10-27T08:00:00.000Z
91,Son0100,SV-L11-02,13840,30410010,02.Final Water Elevation,536,Groundwater_elevation,2000-07-03T08:00:00.000Z,2006-04-19T08:00:00.000Z
92,Son0101,SV-L11-03,13841,30414010,02.Final Water Elevation,536,Groundwater_elevation,1999-11-10T08:00:00.000Z,2010-11-01T08:00:00.000Z
93,Son0102,SV-L11-04,13842,30418010,02.Final Water Elevation,536,Groundwater_elevation,2009-03-27T08:00:00.000Z,2013-04-26T08:00:00.000Z
94,Son0103,SV-L11-05,13843,30422010,02.Final Water Elevation,536,Groundwater_elevation,1999-03-26T08:00:00.000Z,2013-04-26T08:00:00.000Z
95,Son0104,SV-L11-06,13844,30426010,02.Final Water Elevation,536,Groundwater_elevation,2002-04-12T08:00:00.000Z,2013-04-26T08:00:00.000Z
96,Son0105,SV-L12-01,13845,30430010,02.Final Water Elevation,536,Groundwater_elevation,2000-04-03T08:00:00.000Z,2010-04-16T08:00:00.000Z
97,Son0106,SV-L12-02,13846,30434010,02.Final Water Elevation,536,Groundwater_elevation,2008-04-03T08:00:00.000Z,2017-10-05T08:00:00.000Z
98,Son0107,SV-L12-04,13847,30438010,02.Final Water Elevation,536,Groundwater_elevation,1999-04-08T08:00:00.000Z,2014-12-04T08:00:00.000Z
99,Son0108,SV-L12-05,13848,30442010,02.Final Water Elevation,536,Groundwater_elevation,2002-04-23T08:00:00.000Z,2010-12-20T08:00:00.000Z
100,Son0111,SV-L13-01,13849,30446010,02.Final Water Elevation,536,Groundwater_elevation,2002-04-24T08:00:00.000Z,2023-11-29T20:30:00.000Z
101,Son0112,SV-L13-02,13850,30450010,02.Final Water Elevation,536,Groundwater_elevation,1999-10-13T08:00:00.000Z,2023-12-01T08:00:00.000Z
102,Son0113,SV-L13-03,13851,30454010,02.Final Water Elevation,536,Groundwater_elevation,2003-05-05T08:00:00.000Z,2008-11-24T08:00:00.000Z
103,Son0114,SV-L13-04,13852,30458010,02.Final Water Elevation,536,Groundwater_elevation,1998-05-01T08:00:00.000Z,2009-01-14T08:00:00.000Z
104,Son0115,SV-L13-05,13853,30462010,02.Final Water Elevation,536,Groundwater_elevation,1999-10-12T08:00:00.000Z,2016-02-05T08:00:00.000Z
105,Son0120,SV-L14-01,13854,30466010,02.Final Water Elevation,536,Groundwater_elevation,1980-10-08T08:00:00.000Z,2018-03-19T08:00:00.000Z
106,Son0122,SV-M11-01,13855,30470010,02.Final Water Elevation,536,Groundwater_elevation,2016-04-19T08:00:00.000Z,2017-10-08T08:00:00.000Z
107,Son0123,SV-M11-02,13856,30474010,02.Final Water Elevation,536,Groundwater_elevation,2013-05-05T08:00:00.000Z,2017-10-08T08:00:00.000Z
108,Son0124,SV-M12-01,13857,30478010,02.Final Water Elevation,536,Groundwater_elevation,2008-04-03T08:00:00.000Z,2017-10-05T08:00:00.000Z
109,Son0125,SV-M12-03,13858,30482010,02.Final Water Elevation,536,Groundwater_elevation,1975-05-01T08:00:00.000Z,2017-10-05T08:00:00.000Z
110,Son0127,SV-M13-02,13860,30490010,02.Final Water Elevation,536,Groundwater_elevation,1999-11-18T08:00:00.000Z,2017-12-01T08:00:00.000Z
111,Son0128,SV-M13-03,13861,30494010,02.Final Water Elevation,536,Groundwater_elevation,1999-04-06T08:00:00.000Z,2017-12-01T08:00:00.000Z
112,Son0130,SV-M13-05,13863,30502010,02.Final Water Elevation,536,Groundwater_elevation,2009-03-27T08:00:00.000Z,2009-04-17T08:00:00.000Z
113,Son0131,SV-M13-06,13864,30506010,02.Final Water Elevation,536,Groundwater_elevation,2005-08-21T08:00:00.000Z,2007-07-12T08:00:00.000Z
114,Son0132,SV-M13-07,13865,30510010,02.Final Water Elevation,536,Groundwater_elevation,2007-06-18T08:00:00.000Z,2013-08-21T08:00:00.000Z
115,Son0133,SV-M13-08,13866,30514010,02.Final Water Elevation,536,Groundwater_elevation,2002-10-18T08:00:00.000Z,2004-02-26T08:00:00.000Z
116,Son0134,SV-M13-09,13867,30518010,02.Final Water Elevation,536,Groundwater_elevation,1988-10-21T08:00:00.000Z,2013-04-10T08:00:00.000Z
117,Son0135,SV-M13-10,13868,30522010,02.Final Water Elevation,536,Groundwater_elevation,1993-03-02T08:00:00.000Z,2011-12-08T08:00:00.000Z
118,Son0136,SV-M13-11,13869,30526010,02.Final Water Elevation,536,Groundwater_elevation,1992-02-18T08:00:00.000Z,2012-01-24T08:00:00.000Z
119,Son0137,SV-M13-12,13870,30530010,02.Final Water Elevation,536,Groundwater_elevation,2008-01-07T08:00:00.000Z,2008-11-08T08:00:00.000Z
120,Son0138,SV-M13-13,13871,30534010,02.Final Water Elevation,536,Groundwater_elevation,2000-11-22T08:00:00.000Z,2011-08-11T08:00:00.000Z
121,Son0139,SV-M13-14,13872,30538010,02.Final Water Elevation,536,Groundwater_elevation,2009-04-15T08:00:00.000Z,2017-10-08T08:00:00.000Z
122,Son0144,SV-M14-01,13873,30542010,02.Final Water Elevation,536,Groundwater_elevation,2009-04-27T21:00:06.000Z,2022-10-31T08:00:00.000Z
123,Son0145,SV-M14-02,13874,30546010,02.Final Water Elevation,536,Groundwater_elevation,2009-11-12T08:00:00.000Z,2023-10-12T08:00:00.000Z
124,Son0146,SV-M14-03,13875,30550010,02.Final Water Elevation,536,Groundwater_elevation,1999-07-26T08:00:00.000Z,2016-06-17T08:00:00.000Z
125,Son0147,SV-M14-05,13876,30554010,02.Final Water Elevation,536,Groundwater_elevation,2001-03-13T08:00:00.000Z,2016-08-23T08:00:00.000Z
126,Son0148,SV-M14-06,13877,30558010,02.Final Water Elevation,536,Groundwater_elevation,2014-04-04T08:00:00.000Z,2014-04-04T08:00:00.000Z
127,Son0152,SV-M15-01,13878,30562010,02.Final Water Elevation,536,Groundwater_elevation,1999-11-19T08:00:00.000Z,2017-12-01T08:00:00.000Z
128,Son0153,SV-M15-02,13879,30566010,02.Final Water Elevation,536,Groundwater_elevation,1999-11-18T08:00:00.000Z,2017-12-01T08:00:00.000Z
129,Son0154,SV-M15-03,13880,30570010,02.Final Water Elevation,536,Groundwater_elevation,2009-11-20T08:00:00.000Z,2023-10-12T08:00:00.000Z
130,Son0155,SV-M15-04,13881,30574010,02.Final Water Elevation,536,Groundwater_elevation,2009-07-01T08:00:00.000Z,2018-08-06T22:30:00.000Z
131,Son0157,SV-M17-01,13882,30578010,02.Final Water Elevation,536,Groundwater_elevation,2003-12-23T08:00:00.000Z,2011-03-23T08:00:00.000Z
132,Son0158,SV-M17-02,13883,30582010,02.Final Water Elevation,536,Groundwater_elevation,1999-11-30T08:00:00.000Z,2015-02-25T08:00:00.000Z
133,Son0159,SV-M18-01,13884,30586010,02.Final Water Elevation,536,Groundwater_elevation,2009-04-15T08:00:00.000Z,2013-05-31T08:00:00.000Z
134,Son0160,SV-M18-02,13885,30590010,02.Final Water Elevation,536,Groundwater_elevation,1980-10-13T08:00:00.000Z,2018-03-19T08:00:00.000Z
135,Son0161,SV-M18-03,13886,30594010,02.Final Water Elevation,536,Groundwater_elevation,2012-04-19T08:00:00.000Z,2023-10-20T17:15:00.000Z
136,Son0162,SV-M18-05,13887,30598010,02.Final Water Elevation,536,Groundwater_elevation,2001-06-01T08:00:00.000Z,2009-09-02T08:00:00.000Z
137,Son0164,SV-N12-01,13888,30602010,02.Final Water Elevation,536,Groundwater_elevation,2009-04-24T20:48:00.000Z,2017-11-22T08:00:00.000Z
138,Son0165,SV-N12-02,13889,30606010,02.Final Water Elevation,536,Groundwater_elevation,2012-10-22T08:00:00.000Z,2017-11-22T08:00:00.000Z
139,Son0166,SV-N13-01,13890,30610010,02.Final Water Elevation,536,Groundwater_elevation,2000-05-04T08:00:00.000Z,2017-12-01T08:00:00.000Z
140,Son0167,SV-N13-02,13891,30614010,02.Final Water Elevation,536,Groundwater_elevation,1974-04-03T08:00:00.000Z,2018-03-19T08:00:00.000Z
141,Son0168,SV-N13-04,13892,30618010,02.Final Water Elevation,536,Groundwater_elevation,2004-01-20T08:00:00.000Z,2009-08-24T08:00:00.000Z
142,Son0169,SV-N13-06,13893,30622010,02.Final Water Elevation,536,Groundwater_elevation,1999-04-06T08:00:00.000Z,2023-12-01T08:00:00.000Z
143,Son0170,SV-N13-07,13894,30626010,02.Final Water Elevation,536,Groundwater_elevation,2009-04-15T17:45:01.000Z,2017-10-08T08:00:00.000Z
144,Son0171,SV-N13-08,13895,30630010,02.Final Water Elevation,536,Groundwater_elevation,2014-04-11T08:00:00.000Z,2021-10-20T08:00:00.000Z
145,Son0172,SV-N13-09,13896,30634010,02.Final Water Elevation,536,Groundwater_elevation,2015-10-27T08:00:00.000Z,2019-10-22T21:34:00.000Z
146,Son0174,SV-N14-02,13897,30638010,02.Final Water Elevation,536,Groundwater_elevation,2009-11-12T08:00:00.000Z,2023-10-12T08:00:00.000Z
147,Son0175,SV-N14-03,13898,30642010,02.Final Water Elevation,536,Groundwater_elevation,2014-04-11T08:00:00.000Z,2014-10-24T08:00:00.000Z
148,Son0176,SV-N15-02,13899,30646010,02.Final Water Elevation,536,Groundwater_elevation,1970-03-25T08:00:00.000Z,2024-05-01T08:00:00.000Z
149,Son0177,SV-N15-03,13900,30650010,02.Final Water Elevation,536,Groundwater_elevation,2009-01-02T08:00:00.000Z,2012-12-01T08:00:00.000Z
151,Son0179,SV-N16-03,13902,30658010,02.Final Water Elevation,536,Groundwater_elevation,2002-02-05T08:00:00.000Z,2008-12-22T08:00:00.000Z
152,Son0180,SV-N16-05,13903,30662010,02.Final Water Elevation,536,Groundwater_elevation,2009-01-02T08:00:00.000Z,2012-04-01T08:00:00.000Z
153,Son0183,SV-O11-01,13904,30666010,02.Final Water Elevation,536,Groundwater_elevation,1976-09-30T08:00:00.000Z,2017-09-01T08:00:00.000Z
154,Son0184,SV-O11-02,13905,30670010,02.Final Water Elevation,536,Groundwater_elevation,1985-08-01T08:00:00.000Z,2017-09-01T08:00:00.000Z
155,Son0185,SV-O11-03,13906,30674010,02.Final Water Elevation,536,Groundwater_elevation,1984-07-01T08:00:00.000Z,2017-09-01T08:00:00.000Z
156,Son0186,SV-O12-01,13907,30678010,02.Final Water Elevation,536,Groundwater_elevation,1973-09-30T08:00:00.000Z,2017-09-01T08:00:00.000Z
157,Son0187,SV-O12-02,13908,30682010,02.Final Water Elevation,536,Groundwater_elevation,1978-01-30T08:00:00.000Z,2017-09-01T08:00:00.000Z
158,Son0188,SV-O14-01,13909,30686010,02.Final Water Elevation,536,Groundwater_elevation,1980-10-13T08:00:00.000Z,2024-05-01T08:00:00.000Z
159,Son0189,SV-O15-01,13910,30690010,02.Final Water Elevation,536,Groundwater_elevation,2000-05-04T08:00:00.000Z,2023-10-20T20:00:00.000Z
160,Son0190,SV-O15-02,13911,30694010,02.Final Water Elevation,536,Groundwater_elevation,2014-04-04T08:00:00.000Z,2023-10-12T08:00:00.000Z
161,Son0191,SV-O17-01,13912,30698010,02.Final Water Elevation,536,Groundwater_elevation,2009-06-10T08:00:00.000Z,2023-10-12T08:00:00.000Z
162,Son0192,SV-P13-01,13913,30702010,02.Final Water Elevation,536,Groundwater_elevation,2009-04-20T20:53:04.000Z,2017-11-22T08:00:00.000Z
163,Son0193,SV-Q18-01,13914,30706010,02.Final Water Elevation,536,Groundwater_elevation,1980-10-30T08:00:00.000Z,2021-03-03T08:00:00.000Z
164,Son0126,SV-M13-01,13859,46440010,01.Final Elevation - Manual Measurement,536,Groundwater_elevation,1999-11-17T08:00:00.000Z,2023-12-01T08:00:00.000Z
165,Son0129,SV-M13-04,13862,46446010,01.Final Elevation - Manual Measurement,536,Groundwater_elevation,1999-04-19T08:00:00.000Z,2017-12-01T08:00:00.000Z
166,Son0001,SV-F06-01,13748,47376010,01.Final Elevation - Manual Measurement,536,Groundwater_elevation,1984-03-07T08:00:00.000Z,2017-10-07T08:00:00.000Z
167,Son0194,382410122311501,14200,48997010,02.Final Water Elevation,536,Groundwater_elevation,2012-06-21T16:40:00.000Z,2017-08-01T23:01:00.000Z
168,Son0199,382500122330501,14202,48999010,02.Final Water Elevation,536,Groundwater_elevation,2003-05-13T22:00:00.000Z,2003-06-03T18:00:00.000Z
169,Son0201,382445122324901,14235,49001010,02.Final Water Elevation,536,Groundwater_elevation,2003-05-29T17:20:00.000Z,2003-05-29T17:20:00.000Z
170,Son0203,382434122322801,14234,49003010,02.Final Water Elevation,536,Groundwater_elevation,2003-05-22T20:08:00.000Z,2003-05-22T20:08:00.000Z
171,Son0213,382219122312501,14195,49005010,02.Final Water Elevation,536,Groundwater_elevation,2002-11-21T17:17:00.000Z,2002-11-21T17:17:00.000Z
172,Son0214,382227122312501,14233,49007010,02.Final Water Elevation,536,Groundwater_elevation,2003-05-14T20:55:00.000Z,2003-05-14T20:55:00.000Z
173,Son0215,382307122311301,14196,49009010,02.Final Water Elevation,536,Groundwater_elevation,2003-05-29T19:13:00.000Z,2003-05-29T19:13:00.000Z
174,Son0216,382614122310201,14206,49011010,02.Final Water Elevation,536,Groundwater_elevation,2003-05-14T18:27:00.000Z,2003-06-03T03:10:00.000Z
175,Son0220,382045122302901,14193,49013010,02.Final Water Elevation,536,Groundwater_elevation,2003-05-21T19:44:00.000Z,2003-06-05T02:30:00.000Z
176,Son0221,381951122302101,14191,49015010,02.Final Water Elevation,536,Groundwater_elevation,2012-08-22T16:35:00.000Z,2012-08-22T16:35:00.000Z
177,Son0222,381712122301901,14177,49017010,02.Final Water Elevation,536,Groundwater_elevation,2002-11-22T08:00:00.000Z,2002-11-22T20:24:00.000Z
178,Son0223,382047122300701,14230,49019010,02.Final Water Elevation,536,Groundwater_elevation,2003-05-21T20:15:00.000Z,2003-05-21T20:15:00.000Z
179,Son0224,382056122300501,14231,49021010,02.Final Water Elevation,536,Groundwater_elevation,2003-05-21T18:43:00.000Z,2003-05-21T18:43:00.000Z
180,Son0225,381805122295901,14226,49023010,02.Final Water Elevation,536,Groundwater_elevation,1978-12-21T08:00:00.000Z,1978-12-21T08:00:00.000Z
181,Son0226,382058122295701,14232,49025010,02.Final Water Elevation,536,Groundwater_elevation,2003-05-21T18:11:00.000Z,2003-05-21T18:11:00.000Z
182,Son0231,381809122293301,14186,49027010,02.Final Water Elevation,536,Groundwater_elevation,2003-05-21T08:00:00.000Z,2003-05-21T08:00:00.000Z
183,Son0233,381819122291401,14227,49029010,02.Final Water Elevation,536,Groundwater_elevation,2003-05-15T00:13:00.000Z,2003-05-15T00:13:00.000Z
184,Son0235,381952122291201,14192,49031010,02.Final Water Elevation,536,Groundwater_elevation,2012-06-20T21:20:00.000Z,2012-06-20T21:20:00.000Z
185,Son0237,381933122290801,14229,49033010,02.Final Water Elevation,536,Groundwater_elevation,2003-05-21T22:54:00.000Z,2003-05-21T22:54:00.000Z
186,Son0238,381433122290401,14147,49035010,02.Final Water Elevation,536,Groundwater_elevation,2012-04-26T17:25:00.000Z,2012-04-26T17:25:00.000Z
187,Son0243,381809122284301,14185,49037010,02.Final Water Elevation,536,Groundwater_elevation,2000-05-21T08:00:00.000Z,2002-11-22T17:55:00.000Z
188,Son0244,381913122284001,14228,49039010,02.Final Water Elevation,536,Groundwater_elevation,2003-05-21T22:01:00.000Z,2003-05-21T22:01:00.000Z
189,Son0247,381657122282601,14222,49041010,02.Final Water Elevation,536,Groundwater_elevation,2003-05-15T17:37:00.000Z,2003-05-15T17:37:00.000Z
190,Son0253,381624122275201,14175,49043010,02.Final Water Elevation,536,Groundwater_elevation,2012-07-10T16:30:00.000Z,2012-07-10T16:30:00.000Z
191,Son0260,381745122272701,14225,49045010,02.Final Water Elevation,536,Groundwater_elevation,2003-05-15T22:15:00.000Z,2003-05-15T22:15:00.000Z
192,Son0263,381741122271901,14224,49047010,02.Final Water Elevation,536,Groundwater_elevation,2003-05-20T22:39:00.000Z,2003-05-20T22:39:00.000Z
193,Son0265,381357122271801,14140,49049010,02.Final Water Elevation,536,Groundwater_elevation,2003-08-20T23:17:00.000Z,2003-08-20T23:17:00.000Z
194,Son0267,381313122271601,14134,49051010,02.Final Water Elevation,536,Groundwater_elevation,2003-08-20T21:34:00.000Z,2003-08-20T21:34:00.000Z
195,Son0269,381745122271301,14213,49053010,02.Final Water Elevation,536,Groundwater_elevation,2003-05-20T21:37:00.000Z,2003-05-20T21:37:00.000Z
196,Son0275,381754122265601,14179,49055010,02.Final Water Elevation,536,Groundwater_elevation,2003-05-20T21:04:00.000Z,2003-05-20T21:04:00.000Z
197,Son0277,381452122264801,14219,49057010,02.Final Water Elevation,536,Groundwater_elevation,1951-08-16T08:00:00.000Z,1983-10-11T08:00:00.000Z
198,Son0279,381509122264801,14161,49059010,02.Final Water Elevation,536,Groundwater_elevation,2003-05-13T20:36:00.000Z,2003-05-13T20:36:00.000Z
199,Son0284,381650122262701,14221,49061010,02.Final Water Elevation,536,Groundwater_elevation,2003-05-20T23:17:00.000Z,2003-05-20T23:17:00.000Z
201,Son0126,SV-M13-01,13859,64654010,DayMeanEdit,536,Groundwater_elevation,2018-02-07T08:00:00.000Z,2018-04-09T08:00:00.000Z
202,Son0129,SV-M13-04,13862,64655010,DayMeanEdit,536,Groundwater_elevation,2018-03-16T08:00:00.000Z,2018-04-09T08:00:00.000Z
203,Son0328,SCWA_7th-Street,13579,32306010,01.Final Elevation - Manual Measurement,536,Groundwater_elevation,2013-09-11T08:00:00.000Z,2024-01-02T20:00:00.000Z
204,Son0347,SCWA_Adobe_Canyon-1,13580,32867010,01.Final Elevation - Manual Measurement,536,Groundwater_elevation,2016-08-25T08:00:00.000Z,2024-01-02T21:00:00.000Z
205,Son0325,SCWA_Agua-Caliente-1,13581,32874010,01.Final Elevation - Manual Measurement,536,Groundwater_elevation,2013-09-11T18:15:00.000Z,2024-01-02T23:00:00.000Z
206,Son0326,SCWA_Agua-Caliente-2,13582,32881010,01.Final Elevation - Manual Measurement,536,Groundwater_elevation,2013-12-05T08:00:00.000Z,2014-12-04T18:59:00.000Z
207,Son0344,SCWA_CYMW-1a,13598,32923010,01.Final Elevation - Manual Measurement,536,Groundwater_elevation,2016-06-28T20:00:00.000Z,2024-02-29T18:00:00.000Z
208,Son0345,SCWA_CYMW-1b,13599,32930010,01.Final Elevation - Manual Measurement,536,Groundwater_elevation,2016-06-28T20:00:00.000Z,2024-02-29T18:00:00.000Z
209,Son0348,SCWA_Fowler_Creek-1,13604,32953010,01.Final Elevation - Manual Measurement,536,Groundwater_elevation,2016-08-25T08:00:00.000Z,2023-12-27T15:00:00.000Z
210,Son0332,SCWA_K15-2,13621,32967010,01.Final Elevation - Manual Measurement,536,Groundwater_elevation,1999-11-05T08:00:00.000Z,2024-02-29T21:00:00.000Z
211,Son0340,SCWA_Napa_St_Piezo,13657,33030010,01.Final Elevation - Manual Measurement,536,Groundwater_elevation,2014-07-29T08:00:00.000Z,2024-02-29T19:20:00.000Z
212,Son0339,SCWA_Verano_St_Piezo,13725,33079010,01.Final Elevation - Manual Measurement,536,Groundwater_elevation,2014-07-29T08:00:00.000Z,2024-02-29T17:00:00.000Z
213,Son0327,SCWA_W-Thompson,13742,33170010,01.Final Elevation - Manual Measurement,536,Groundwater_elevation,2013-06-27T19:00:00.000Z,2024-01-02T21:00:00.000Z
214,Son0334,SV-MON-1D,13684,33184010,01.Final Elevation - Manual Measurement,536,Groundwater_elevation,2013-12-20T22:49:44.000Z,2021-07-21T18:00:00.000Z
215,Son0333,SV-MON-1S,13685,33191010,01.Final Elevation - Manual Measurement,536,Groundwater_elevation,2014-02-11T08:00:00.000Z,2021-07-21T19:36:00.000Z
216,Son0335,SV-MON-2S,13686,33200010,01.Final Elevation - Manual Measurement,536,Groundwater_elevation,2013-12-21T03:17:27.000Z,2021-07-21T19:00:00.000Z
217,Son0336,SV-MON-3S,13687,33207010,01.Final Elevation - Manual Measurement,536,Groundwater_elevation,2014-02-11T08:00:00.000Z,2021-07-21T19:00:00.000Z
218,Son0329,SV-MON-563,13688,33214010,01.Final Elevation - Manual Measurement,536,Groundwater_elevation,2001-05-02T08:00:00.000Z,2023-12-23T00:00:00.000Z
219,Son0330,SV-MON-674,13689,33221010,01.Final Elevation - Manual Measurement,536,Groundwater_elevation,2001-05-07T08:00:00.000Z,2024-02-29T18:50:00.000Z
220,Son0331,SV-MON-92,13690,33228010,01.Final Elevation - Manual Measurement,536,Groundwater_elevation,2001-05-07T08:00:00.000Z,2024-02-29T18:55:00.000Z
221,Son0322,SV-MW1-233,13691,33235010,01.Final Elevation - Manual Measurement,536,Groundwater_elevation,2013-09-11T08:00:00.000Z,2023-12-26T22:00:00.000Z
222,Son0323,SV-MW1-365,13692,33242010,01.Final Elevation - Manual Measurement,536,Groundwater_elevation,2013-09-11T08:00:00.000Z,2023-12-26T22:00:00.000Z
223,Son0337,SV-MW1-455D,13694,33249010,01.Final Elevation - Manual Measurement,536,Groundwater_elevation,2013-06-29T00:30:00.000Z,2023-12-26T22:00:00.000Z
224,Son0321,SV-MW1-95,13695,33265010,01.Final Elevation - Manual Measurement,536,Groundwater_elevation,2013-09-11T08:00:00.000Z,2023-12-26T22:00:00.000Z
225,Son0316,SV-MW2-100,13696,33273010,01.Final Elevation - Manual Measurement,536,Groundwater_elevation,2013-09-11T08:00:00.000Z,2024-02-29T21:00:00.000Z
226,Son0317,SV-MW2-220,13697,33281010,01.Final Elevation - Manual Measurement,536,Groundwater_elevation,2012-10-09T01:00:00.000Z,2023-05-02T22:26:00.000Z
227,Son0318,SV-MW2-409,13698,33288010,01.Final Elevation - Manual Measurement,536,Groundwater_elevation,2013-09-11T08:00:00.000Z,2023-05-02T19:39:00.000Z
228,Son0338,SV-MW2-480D,13700,33296010,01.Final Elevation - Manual Measurement,536,Groundwater_elevation,2013-09-11T08:00:00.000Z,2023-05-02T19:55:00.000Z
229,Son0319,SV-MW2-480,13699,33303010,01.Final Elevation - Manual Measurement,536,Groundwater_elevation,2012-10-09T01:00:00.000Z,2024-02-29T20:00:00.000Z
230,Son0315,SV-MW2-52,13701,33311010,01.Final Elevation - Manual Measurement,536,Groundwater_elevation,2013-09-11T08:00:00.000Z,2023-12-22T20:00:00.000Z
231,Son0320,SV-MW2-SW,13702,33319010,01.Final Elevation - Manual Measurement,536,Groundwater_elevation,2013-09-11T08:00:00.000Z,2021-07-20T20:45:00.000Z
232,Son0342,SCWA_SVHS-MW-01D,13681,33327010,01.Final Elevation - Manual Measurement,536,Groundwater_elevation,2014-06-17T19:31:19.000Z,2024-01-02T20:00:00.000Z
233,Son0341,SCWA_SVHS-MW-01S,13682,33334010,01.Final Elevation - Manual Measurement,536,Groundwater_elevation,2014-06-17T19:37:23.000Z,2024-01-02T20:00:00.000Z
234,Son0343,SCWA_SVHS-MW-02,13683,33341010,01.Final Elevation - Manual Measurement,536,Groundwater_elevation,2014-06-17T19:40:52.000Z,2024-01-02T20:00:00.000Z
235,Son0411,CitySon_well8,112816,46433010,01.Final Elevation - Manual Measurement,536,Groundwater_elevation,2018-03-14T08:00:00.000Z,2018-09-27T18:28:00.000Z
236,Son0346,SCWA_TW_6a,13724,47381010,01.Final Elevation - Manual Measurement,536,Groundwater_elevation,2000-12-01T08:00:00.000Z,2023-01-06T21:00:00.000Z
237,Son0286,381444122262101,14154,49063010,02.Final Water Elevation,536,Groundwater_elevation,2003-08-15T22:16:00.000Z,2003-08-15T22:16:00.000Z
238,Son0288,381700122261401,14176,49067010,02.Final Water Elevation,536,Groundwater_elevation,1950-01-18T08:00:00.000Z,1994-07-08T08:00:00.000Z
239,Son0292,381540122254701,14171,49069010,02.Final Water Elevation,536,Groundwater_elevation,2003-07-15T20:27:00.000Z,2003-07-15T20:27:00.000Z
240,Son0293,381540122254702,14220,49071010,02.Final Water Elevation,536,Groundwater_elevation,2003-07-15T20:39:00.000Z,2003-07-15T20:39:00.000Z
241,Son0299,381530122251602,14168,49073010,02.Final Water Elevation,536,Groundwater_elevation,2003-12-18T08:00:00.000Z,2003-12-18T08:00:00.000Z
242,Son0302,381448122250501,14157,49075010,02.Final Water Elevation,536,Groundwater_elevation,2003-09-05T01:29:00.000Z,2003-09-05T01:29:00.000Z
243,Son0303,381408122250501,14143,49077010,02.Final Water Elevation,536,Groundwater_elevation,2003-08-19T19:29:00.000Z,2003-08-19T19:29:00.000Z
244,Son0304,381359122245001,14141,49079010,02.Final Water Elevation,536,Groundwater_elevation,2003-08-13T18:56:00.000Z,2003-08-13T18:56:00.000Z
245,Son0308,381450122243701,14159,49081010,02.Final Water Elevation,536,Groundwater_elevation,2003-05-13T18:42:00.000Z,2003-05-13T18:42:00.000Z
249,Son0355,381519122263202,14214,49089010,02.Final Water Elevation,536,Groundwater_elevation,2015-10-20T22:20:00.000Z,2015-10-20T22:20:00.000Z
250,Son0549,SCWA_FC_MW_2s_Old,214024,56223010,01.Final Elevation - Manual Measurement,536,Groundwater_elevation,2018-07-18T20:30:00.000Z,2020-03-10T20:06:00.000Z
251,Son0550,SCWA_FC-MW-2d_Old,214025,56232010,01.Final Elevation - Manual Measurement,536,Groundwater_elevation,2018-07-18T21:31:00.000Z,2020-03-10T21:08:00.000Z
252,Son0551,SV-J08-06_Arnold,258064,56726010,01.Final Elevation - Manual Measurement,536,Groundwater_elevation,2019-11-26T21:14:00.000Z,2023-11-29T20:00:00.000Z
253,Son0552,SV-J10-02_Madrone,314356,57951010,01.Final Elevation - Manual Measurement,536,Groundwater_elevation,2019-11-26T20:57:00.000Z,2023-11-29T19:30:00.000Z
254,Son0553,SV-K11-02_StLeos,314384,57965010,01.Final Elevation - Manual Measurement,536,Groundwater_elevation,2019-11-26T18:22:00.000Z,2023-11-29T19:30:00.000Z
255,Son0554,SV-L14-02_Leveroni,314572,57975010,01.Final Elevation - Manual Measurement,536,Groundwater_elevation,2019-11-26T20:39:00.000Z,2023-11-29T19:00:00.000Z
256,Son0319,SV-MW2-480,13699,58412010,DayMeanEdit,536,Groundwater_elevation,2011-11-21T08:00:00.000Z,2024-02-29T08:00:00.000Z
257,Son0338,SV-MW2-480D,13700,58415010,DayMeanEdit,536,Groundwater_elevation,2011-11-04T08:00:00.000Z,2021-07-20T08:00:00.000Z
258,Son0339,SCWA_Verano_St_Piezo,13725,58417010,DayMeanEdit,536,Groundwater_elevation,2014-07-29T08:00:00.000Z,2024-02-29T08:00:00.000Z
259,Son0340,SCWA_Napa_St_Piezo,13657,58419010,DayMeanEdit,536,Groundwater_elevation,2014-07-29T08:00:00.000Z,2023-05-26T08:00:00.000Z
260,Son0341,SCWA_SVHS-MW-01S,13682,58421010,DayMeanEdit,536,Groundwater_elevation,2014-06-17T08:00:00.000Z,2024-01-02T08:00:00.000Z
261,Son0342,SCWA_SVHS-MW-01D,13681,58423010,DayMeanEdit,536,Groundwater_elevation,2014-06-17T08:00:00.000Z,2024-01-02T08:00:00.000Z
262,Son0343,SCWA_SVHS-MW-02,13683,58425010,DayMeanEdit,536,Groundwater_elevation,2014-06-17T08:00:00.000Z,2020-03-12T08:00:00.000Z
263,Son0344,SCWA_CYMW-1a,13598,58427010,DayMeanEdit,536,Groundwater_elevation,2016-06-28T08:00:00.000Z,2024-02-29T08:00:00.000Z
264,Son0346,SCWA_TW_6a,13724,58511010,DayMeanEdit,536,Groundwater_elevation,2016-06-28T08:00:00.000Z,2021-07-14T08:00:00.000Z
265,Son0347,SCWA_Adobe_Canyon-1,13580,58514010,DayMeanEdit,536,Groundwater_elevation,2016-08-25T08:00:00.000Z,2022-01-07T08:00:00.000Z
266,Son0348,SCWA_Fowler_Creek-1,13604,58516010,DayMeanEdit,536,Groundwater_elevation,2016-08-25T08:00:00.000Z,2023-12-27T08:00:00.000Z
267,Son0315,SV-MW2-52,13701,58518010,DayMeanEdit,536,Groundwater_elevation,2011-11-21T08:00:00.000Z,2023-12-22T08:00:00.000Z
268,Son0316,SV-MW2-100,13696,58520010,DayMeanEdit,536,Groundwater_elevation,2011-11-16T08:00:00.000Z,2024-02-29T08:00:00.000Z
269,Son0317,SV-MW2-220,13697,58522010,DayMeanEdit,536,Groundwater_elevation,2011-11-04T08:00:00.000Z,2023-05-02T08:00:00.000Z
270,Son0320,SV-MW2-SW,13702,58524010,DayMeanEdit,536,Groundwater_elevation,2012-01-13T22:15:00.000Z,2021-07-20T19:45:00.000Z
271,Son0556,FC-MW-2s,337605,58552010,01.Final Elevation - Manual Measurement,536,Groundwater_elevation,2018-07-18T21:00:00.000Z,2023-12-27T15:00:00.000Z
272,Son0557,FC-MW-2d,337613,58562010,01.Final Elevation - Manual Measurement,536,Groundwater_elevation,2018-07-18T21:31:00.000Z,2023-12-27T15:00:00.000Z
273,Son0556,FC-MW-2s,337605,58612010,DayMeanEdit,536,Groundwater_elevation,2018-07-18T08:00:00.000Z,2023-12-27T08:00:00.000Z
274,Son0557,FC-MW-2d,337613,58614010,DayMeanEdit,536,Groundwater_elevation,2018-07-18T08:00:00.000Z,2023-12-27T08:00:00.000Z
275,Son0318,SV-MW2-409,13698,58713010,DayMeanEdit,536,Groundwater_elevation,2011-11-04T08:00:00.000Z,2022-05-20T08:00:00.000Z
276,Son0321,SV-MW1-95,13695,58715010,DayMeanEdit,536,Groundwater_elevation,2011-11-04T08:00:00.000Z,2023-12-26T08:00:00.000Z
277,Son0322,SV-MW1-233,13691,58814010,DayMeanEdit,536,Groundwater_elevation,2011-11-04T08:00:00.000Z,2023-05-02T08:00:00.000Z
278,Son0323,SV-MW1-365,13692,58816010,DayMeanEdit,536,Groundwater_elevation,2011-11-04T08:00:00.000Z,2023-05-03T08:00:00.000Z
279,Son0337,SV-MW1-455D,13694,58819010,DayMeanEdit,536,Groundwater_elevation,2011-11-04T08:00:00.000Z,2023-05-02T08:00:00.000Z
280,Son0559,SVDMW-1-293,512032,62379010,01.Final Elevation - Manual Measurement,536,Groundwater_elevation,2022-10-25T08:00:00.000Z,2023-11-16T23:00:00.000Z
281,Son0560,SVDMW-1-435,512050,62390010,01.Final Elevation - Manual Measurement,536,Groundwater_elevation,2022-10-25T08:00:00.000Z,2023-11-16T23:00:00.000Z
282,Son0561,SVDMW-2-271,512058,62401010,01.Final Elevation - Manual Measurement,536,Groundwater_elevation,2022-10-26T08:00:00.000Z,2023-11-16T22:00:00.000Z
283,Son0562,SVDMW-2-375,512066,62412010,01.Final Elevation - Manual Measurement,536,Groundwater_elevation,2022-10-26T08:00:00.000Z,2023-11-16T23:00:00.000Z
284,Son0563,SVDMW-4-110,512074,62423010,01.Final Elevation - Manual Measurement,536,Groundwater_elevation,2022-09-20T08:00:00.000Z,2023-11-17T00:00:00.000Z
285,Son0564,SVDMW-4-353,512082,62434010,01.Final Elevation - Manual Measurement,536,Groundwater_elevation,2022-09-20T08:00:00.000Z,2023-11-17T00:00:00.000Z
286,Son0565,SVDMW-4-465,512090,62445010,01.Final Elevation - Manual Measurement,536,Groundwater_elevation,2022-09-20T08:00:00.000Z,2023-11-17T00:00:00.000Z
287,Son0565,SVDMW-4-465,512090,64585010,DayMeanEdit,536,Groundwater_elevation,2022-12-13T08:00:00.000Z,2023-11-16T08:00:00.000Z
289,Son0325,SCWA_Agua-Caliente-1,13581,64658010,DayMeanEdit,536,Groundwater_elevation,2012-01-13T08:00:00.000Z,2023-05-30T08:00:00.000Z
290,Son0326,SCWA_Agua-Caliente-2,13582,64659010,DayMeanEdit,536,Groundwater_elevation,2012-01-12T08:00:00.000Z,2014-12-19T08:00:00.000Z
291,Son0327,SCWA_W-Thompson,13742,64660010,DayMeanEdit,536,Groundwater_elevation,2009-05-26T08:00:00.000Z,2024-01-02T08:00:00.000Z
292,Son0328,SCWA_7th-Street,13579,64661010,DayMeanEdit,536,Groundwater_elevation,2011-11-30T08:00:00.000Z,2024-01-02T08:00:00.000Z
293,Son0329,SV-MON-563,13688,64662010,DayMeanEdit,536,Groundwater_elevation,2013-09-11T08:00:00.000Z,2021-07-21T08:00:00.000Z
294,Son0330,SV-MON-674,13689,64663010,DayMeanEdit,536,Groundwater_elevation,2013-09-11T08:00:00.000Z,2023-08-25T08:00:00.000Z
295,Son0331,SV-MON-92,13690,64664010,DayMeanEdit,536,Groundwater_elevation,2013-09-11T08:00:00.000Z,2023-05-30T08:00:00.000Z
296,Son0332,SCWA_K15-2,13621,64665010,DayMeanEdit,536,Groundwater_elevation,2013-11-22T08:00:00.000Z,2024-02-29T08:00:00.000Z
297,Son0333,SV-MON-1S,13685,64666010,DayMeanEdit,536,Groundwater_elevation,2013-12-20T08:00:00.000Z,2021-03-01T08:00:00.000Z
298,Son0334,SV-MON-1D,13684,64667010,DayMeanEdit,536,Groundwater_elevation,2013-12-20T08:00:00.000Z,2021-07-21T08:00:00.000Z
299,Son0335,SV-MON-2S,13686,64668010,DayMeanEdit,536,Groundwater_elevation,2013-12-20T08:00:00.000Z,2021-07-21T08:00:00.000Z
300,Son0336,SV-MON-3S,13687,64669010,DayMeanEdit,536,Groundwater_elevation,2013-12-20T08:00:00.000Z,2021-07-21T08:00:00.000Z
301,Son0345,SCWA_CYMW-1b,13599,64670010,DayMeanEdit,536,Groundwater_elevation,2016-06-28T08:00:00.000Z,2024-02-29T08:00:00.000Z
302,Son0411,CitySon_well8,112816,64671010,DayMeanEdit,536,Groundwater_elevation,2018-03-16T08:00:00.000Z,2018-11-14T08:00:00.000Z
303,Son0549,SCWA_FC_MW_2s_Old,214024,64672010,DayMeanEdit,536,Groundwater_elevation,2018-07-18T08:00:00.000Z,2019-12-11T08:00:00.000Z
304,Son0550,SCWA_FC-MW-2d_Old,214025,64673010,DayMeanEdit,536,Groundwater_elevation,2018-07-18T08:00:00.000Z,2019-12-11T08:00:00.000Z
305,Son0551,SV-J08-06_Arnold,258064,64674010,DayMeanEdit,536,Groundwater_elevation,2019-11-26T08:00:00.000Z,2023-11-08T08:00:00.000Z
306,Son0552,SV-J10-02_Madrone,314356,64675010,DayMeanEdit,536,Groundwater_elevation,2009-04-20T08:00:00.000Z,2024-06-01T08:00:00.000Z
307,Son0553,SV-K11-02_StLeos,314384,64676010,DayMeanEdit,536,Groundwater_elevation,2019-11-26T08:00:00.000Z,2023-11-08T08:00:00.000Z
308,Son0554,SV-L14-02_Leveroni,314572,64677010,DayMeanEdit,536,Groundwater_elevation,2019-11-26T08:00:00.000Z,2023-11-08T08:00:00.000Z
309,Son0559,SVDMW-1-293,512032,64678010,DayMeanEdit,536,Groundwater_elevation,2023-04-13T08:00:00.000Z,2023-11-16T08:00:00.000Z
310,Son0560,SVDMW-1-435,512050,64679010,DayMeanEdit,536,Groundwater_elevation,2023-04-13T08:00:00.000Z,2023-11-16T08:00:00.000Z
311,Son0561,SVDMW-2-271,512058,64680010,DayMeanEdit,536,Groundwater_elevation,2023-04-11T08:00:00.000Z,2023-11-16T08:00:00.000Z
312,Son0562,SVDMW-2-375,512066,64681010,DayMeanEdit,536,Groundwater_elevation,2023-04-11T08:00:00.000Z,2023-11-16T08:00:00.000Z
313,Son0563,SVDMW-4-110,512074,64682010,DayMeanEdit,536,Groundwater_elevation,2009-04-20T08:00:00.000Z,2024-06-01T08:00:00.000Z
314,Son0564,SVDMW-4-353,512082,64683010,DayMeanEdit,536,Groundwater_elevation,2022-12-13T08:00:00.000Z,2023-11-16T08:00:00.000Z
315,Son0324,SV-MW1-455,13693,64772010,01.Final Elevation - Manual Measurement,536,Groundwater_elevation,2013-06-29T00:30:00.000Z,2023-12-26T22:00:00.000Z
316,Son0324,SV-MW1-455,13693,64775010,DayMeanEdit,536,Groundwater_elevation,2011-11-04T08:00:00.000Z,2023-05-02T08:00:00.000Z
3,UPC17-0065_1,UPC17-0065_1,619226,66024010,02.Final Water Elevation,536,Groundwater_elevation,2020-03-06T08:00:00.000Z,2020-12-08T08:00:00.000Z
4,UPC17-0072_1,UPC17-0072_1,619227,66026010,02.Final Water Elevation,536,Groundwater_elevation,2021-01-07T08:00:00.000Z,2021-11-01T08:00:00.000Z
7,UPC18-0015_1,UPC18-0015_1,619230,66032010,02.Final Water Elevation,536,Groundwater_elevation,2021-01-07T08:00:00.000Z,2021-11-01T08:00:00.000Z
8,UPC18-0021_1,UPC18-0021_1,619231,66034010,02.Final Water Elevation,536,Groundwater_elevation,2021-01-07T08:00:00.000Z,2023-09-01T08:00:00.000Z
12,UPC19-0010_1,UPC19-0010_1,619235,66042010,02.Final Water Elevation,536,Groundwater_elevation,2021-02-09T08:00:00.000Z,2021-02-09T08:00:00.000Z
13,UPC17-0020_1,UPC17-0020_1,619330,66148010,02.Final Water Elevation,536,Groundwater_elevation,2011-06-01T08:00:00.000Z,2023-12-01T08:00:00.000Z
14,UPC17-0021_1,UPC17-0021_1,619542,66150010,02.Final Water Elevation,536,Groundwater_elevation,2020-03-19T08:00:00.000Z,2023-12-21T08:00:00.000Z
15,UPC17-0034_1,UPC17-0034_1,619543,66152010,02.Final Water Elevation,536,Groundwater_elevation,2020-01-02T08:00:00.000Z,2023-05-01T08:00:00.000Z
16,UPC17-0090_1,UPC17-0090_1,619544,66154010,02.Final Water Elevation,536,Groundwater_elevation,2017-01-09T08:00:00.000Z,2023-12-05T08:00:00.000Z
17,UPC18-0002_1,UPC18-0002_1,619545,66156010,02.Final Water Elevation,536,Groundwater_elevation,2019-11-26T08:00:00.000Z,2022-08-31T08:00:00.000Z
18,UPC18-0022_1,UPC18-0022_1,619546,66158010,02.Final Water Elevation,536,Groundwater_elevation,2022-03-10T08:00:00.000Z,2022-06-30T08:00:00.000Z
19,UPC20-0001_1,UPC20-0001_1,619547,66160010,02.Final Water Elevation,536,Groundwater_elevation,2023-04-06T08:00:00.000Z,2023-10-19T08:00:00.000Z
20,UPC17-0013_1,UPC17-0013_1,622291,66262010,02.Final Water Elevation,536,Groundwater_elevation,2022-09-20T08:00:00.000Z,2023-10-05T08:00:00.000Z
23,UPC17-0084_1,UPC17-0084_1,622294,66268010,02.Final Water Elevation,536,Groundwater_elevation,2019-02-25T08:00:00.000Z,2020-12-30T08:00:00.000Z
24,UPC18-0005_1,UPC18-0005_1,622295,66270010,02.Final Water Elevation,536,Groundwater_elevation,2022-03-20T08:00:00.000Z,2023-12-20T08:00:00.000Z
25,UPC18-0053_1,UPC18-0053_1,622296,66272010,02.Final Water Elevation,536,Groundwater_elevation,2023-08-30T08:00:00.000Z,2024-01-30T08:00:00.000Z
0,UPE00-0035_1,UPE00-0035_1,41956,65660010,02.Final Water Elevation,536,Groundwater_elevation,2022-01-10T08:00:00.000Z,2023-12-04T08:00:00.000Z
1,UPE00-0035_2,UPE00-0035_2,41957,65661010,02.Final Water Elevation,536,Groundwater_elevation,2022-01-10T08:00:00.000Z,2023-12-04T08:00:00.000Z
2,UPE04-0009_1,UPE04-0009_1,41958,65662010,02.Final Water Elevation,536,Groundwater_elevation,2007-09-20T08:00:00.000Z,2021-12-10T08:00:00.000Z
3,UPE04-0018_1,UPE04-0018_1,41908,65663010,02.Final Water Elevation,536,Groundwater_elevation,2022-01-15T08:00:00.000Z,2022-01-15T08:00:00.000Z
4,UPE04-0032_1,UPE04-0032_1,41897,65664010,02.Final Water Elevation,536,Groundwater_elevation,2022-03-08T08:00:00.000Z,2023-12-08T08:00:00.000Z
6,UPE04-0042_1,UPE04-0042_1,42038,65666010,02.Final Water Elevation,536,Groundwater_elevation,2010-01-03T08:00:00.000Z,2018-12-30T08:00:00.000Z
7,UPE04-0047_1,UPE04-0047_1,41959,65667010,02.Final Water Elevation,536,Groundwater_elevation,2007-02-26T08:00:00.000Z,2018-12-01T08:00:00.000Z
9,UPE04-0077_1,UPE04-0077_1,41961,65669010,02.Final Water Elevation,536,Groundwater_elevation,2018-03-01T08:00:00.000Z,2023-12-18T08:00:00.000Z
14,UPE04-0113_1,UPE04-0113_1,41909,65674010,02.Final Water Elevation,536,Groundwater_elevation,2018-01-15T08:00:00.000Z,2023-12-18T08:00:00.000Z
18,UPE05-0014_1,UPE05-0014_1,42099,65678010,02.Final Water Elevation,536,Groundwater_elevation,2022-01-01T08:00:00.000Z,2022-11-01T08:00:00.000Z
23,UPE05-0065_1,UPE05-0065_1,41910,65683010,02.Final Water Elevation,536,Groundwater_elevation,2022-02-07T08:00:00.000Z,2023-11-06T08:00:00.000Z
26,UPE05-0070_1,UPE05-0070_1,42046,65686010,02.Final Water Elevation,536,Groundwater_elevation,2019-08-05T08:00:00.000Z,2020-12-18T08:00:00.000Z
27,UPE05-0077_1,UPE05-0077_1,41913,65687010,02.Final Water Elevation,536,Groundwater_elevation,2022-01-31T08:00:00.000Z,2024-01-02T08:00:00.000Z
29,UPE05-0082_1,UPE05-0082_1,41964,65689010,02.Final Water Elevation,536,Groundwater_elevation,2023-03-31T08:00:00.000Z,2024-01-05T08:00:00.000Z
30,UPE05-0122_1,UPE05-0122_1,41914,65690010,02.Final Water Elevation,536,Groundwater_elevation,2008-03-24T08:00:00.000Z,2023-11-14T08:00:00.000Z
32,UPE06-0001_1,UPE06-0001_1,41915,65692010,02.Final Water Elevation,536,Groundwater_elevation,2022-01-06T08:00:00.000Z,2023-12-27T08:00:00.000Z
34,UPE06-0022_1,UPE06-0022_1,42049,65694010,02.Final Water Elevation,536,Groundwater_elevation,2012-01-17T08:00:00.000Z,2012-12-21T08:00:00.000Z
35,UPE06-0037_1,UPE06-0037_1,42050,65695010,02.Final Water Elevation,536,Groundwater_elevation,2022-03-04T08:00:00.000Z,2022-12-03T08:00:00.000Z
37,UPE06-0045_1,UPE06-0045_1,42052,65697010,02.Final Water Elevation,536,Groundwater_elevation,2023-10-19T08:00:00.000Z,2023-10-19T08:00:00.000Z
38,UPE06-0085_1,UPE06-0085_1,41965,65698010,02.Final Water Elevation,536,Groundwater_elevation,2022-02-07T08:00:00.000Z,2024-01-08T08:00:00.000Z
40,UPE06-0093_1,UPE06-0093_1,42103,65700010,02.Final Water Elevation,536,Groundwater_elevation,2009-01-02T08:00:00.000Z,2023-01-02T08:00:00.000Z
41,UPE06-0097_1,UPE06-0097_1,41966,65701010,02.Final Water Elevation,536,Groundwater_elevation,2022-03-31T08:00:00.000Z,2022-12-31T08:00:00.000Z
42,UPE06-0106_1,UPE06-0106_1,41916,65702010,02.Final Water Elevation,536,Groundwater_elevation,2022-01-03T08:00:00.000Z,2024-01-02T08:00:00.000Z
46,UPE07-0011_1,UPE07-0011_1,41967,65706010,02.Final Water Elevation,536,Groundwater_elevation,2011-02-23T08:00:00.000Z,2014-10-30T08:00:00.000Z
50,UPE07-0019_1,UPE07-0019_1,42107,65710010,02.Final Water Elevation,536,Groundwater_elevation,2009-01-02T08:00:00.000Z,2023-01-02T08:00:00.000Z
60,UPE07-0088_1,UPE07-0088_1,42063,65720010,02.Final Water Elevation,536,Groundwater_elevation,2022-01-28T08:00:00.000Z,2022-12-28T08:00:00.000Z
61,UPE07-0123_1,UPE07-0123_1,41917,65721010,02.Final Water Elevation,536,Groundwater_elevation,2016-02-04T08:00:00.000Z,2020-11-13T08:00:00.000Z
64,UPE08-0065_1,UPE08-0065_1,42064,65724010,02.Final Water Elevation,536,Groundwater_elevation,2022-01-06T08:00:00.000Z,2023-12-11T08:00:00.000Z
67,UPE08-0082_1,UPE08-0082_1,42110,65727010,02.Final Water Elevation,536,Groundwater_elevation,2021-08-01T08:00:00.000Z,2024-01-01T08:00:00.000Z
68,UPE08-0095_1,UPE08-0095_1,41969,65728010,02.Final Water Elevation,536,Groundwater_elevation,2021-02-16T08:00:00.000Z,2023-12-19T08:00:00.000Z
69,UPE08-0096_1,UPE08-0096_1,41995,65729010,02.Final Water Elevation,536,Groundwater_elevation,2014-01-10T08:00:00.000Z,2024-01-22T08:00:00.000Z
70,UPE08-0106_1,UPE08-0106_1,42066,65730010,02.Final Water Elevation,536,Groundwater_elevation,2009-01-04T08:00:00.000Z,2023-12-11T08:00:00.000Z
75,UPE09-0027_1,UPE09-0027_1,41998,65735010,02.Final Water Elevation,536,Groundwater_elevation,2023-12-19T08:00:00.000Z,2023-12-19T08:00:00.000Z
82,UPE09-0041_1,UPE09-0041_1,42067,65742010,02.Final Water Elevation,536,Groundwater_elevation,2011-02-04T08:00:00.000Z,2018-11-01T08:00:00.000Z
83,UPE09-0063_1,UPE09-0063_1,41974,65743010,02.Final Water Elevation,536,Groundwater_elevation,2013-05-16T08:00:00.000Z,2023-12-18T08:00:00.000Z
84,UPE09-0071_1,UPE09-0071_1,42068,65744010,02.Final Water Elevation,536,Groundwater_elevation,2023-12-22T08:00:00.000Z,2023-12-22T08:00:00.000Z
85,UPE09-0088_1,UPE09-0088_1,41918,65745010,02.Final Water Elevation,536,Groundwater_elevation,2011-03-02T08:00:00.000Z,2023-12-01T08:00:00.000Z
86,UPE09-0095_1,UPE09-0095_1,41975,65746010,02.Final Water Elevation,536,Groundwater_elevation,2014-04-01T08:00:00.000Z,2024-01-01T08:00:00.000Z
87,UPE10-0026_1,UPE10-0026_1,42069,65747010,02.Final Water Elevation,536,Groundwater_elevation,2022-01-25T08:00:00.000Z,2023-12-19T08:00:00.000Z
91,UPE11-0036_1,UPE11-0036_1,42111,65751010,02.Final Water Elevation,536,Groundwater_elevation,2022-02-18T08:00:00.000Z,2023-11-07T08:00:00.000Z
94,UPE11-0072_1,UPE11-0072_1,41977,65754010,02.Final Water Elevation,536,Groundwater_elevation,2022-01-06T08:00:00.000Z,2023-12-06T08:00:00.000Z
96,UPE11-0088_1,UPE11-0088_1,41979,65756010,02.Final Water Elevation,536,Groundwater_elevation,2022-01-07T08:00:00.000Z,2024-10-18T08:00:00.000Z
97,UPE07-0088_2,UPE07-0088_2,619236,66044010,02.Final Water Elevation,536,Groundwater_elevation,2023-01-31T08:00:00.000Z,2023-12-29T08:00:00.000Z
99,UPE03-0035_1,UPE03-0035_1,619548,66162010,02.Final Water Elevation,536,Groundwater_elevation,2022-01-31T08:00:00.000Z,2023-12-31T08:00:00.000Z
100,UPE08-0082_2,UPE08-0082_2,619549,66164010,02.Final Water Elevation,536,Groundwater_elevation,2018-01-23T08:00:00.000Z,2024-01-01T08:00:00.000Z
101,UPE03-0048_1,UPE03-0048_1,622297,66274010,02.Final Water Elevation,536,Groundwater_elevation,2022-04-04T08:00:00.000Z,2024-12-31T08:00:00.000Z
105,UPE11-0099_1,UPE11-0099_1,41980,65757010,02.Final Water Elevation,536,Groundwater_elevation,2017-06-08T08:00:00.000Z,2024-02-23T08:00:00.000Z
112,UPE12-0027_1,UPE12-0027_1,42071,65764010,02.Final Water Elevation,536,Groundwater_elevation,2021-04-26T08:00:00.000Z,2022-11-11T08:00:00.000Z
113,UPE12-0037_1,UPE12-0037_1,41983,65765010,02.Final Water Elevation,536,Groundwater_elevation,2022-01-01T08:00:00.000Z,2023-12-01T08:00:00.000Z
115,UPE12-0041_1,UPE12-0041_1,41984,65767010,02.Final Water Elevation,536,Groundwater_elevation,2016-01-04T08:00:00.000Z,2023-12-01T08:00:00.000Z
117,UPE12-0056_1,UPE12-0056_1,41893,65769010,02.Final Water Elevation,536,Groundwater_elevation,2014-02-26T08:00:00.000Z,2019-11-14T08:00:00.000Z
118,UPE12-0058_1,UPE12-0058_1,41920,65770010,02.Final Water Elevation,536,Groundwater_elevation,2022-01-24T08:00:00.000Z,2024-09-12T08:00:00.000Z
121,UPE13-0018_1,UPE13-0018_1,42117,65773010,02.Final Water Elevation,536,Groundwater_elevation,2015-12-30T08:00:00.000Z,2023-01-02T08:00:00.000Z
122,UPE13-0025_1,UPE13-0025_1,42118,65774010,02.Final Water Elevation,536,Groundwater_elevation,2023-12-18T08:00:00.000Z,2023-12-18T08:00:00.000Z
123,UPE13-0039_1,UPE13-0039_1,41895,65775010,02.Final Water Elevation,536,Groundwater_elevation,2019-03-01T08:00:00.000Z,2019-12-13T08:00:00.000Z
124,UPE13-0039_2,UPE13-0039_2,41896,65776010,02.Final Water Elevation,536,Groundwater_elevation,2018-03-21T08:00:00.000Z,2023-12-13T08:00:00.000Z
126,UPE13-0049_1,UPE13-0049_1,42119,65778010,02.Final Water Elevation,536,Groundwater_elevation,2022-02-15T08:00:00.000Z,2023-10-02T08:00:00.000Z
128,UPE13-0057_1,UPE13-0057_1,41986,65780010,02.Final Water Elevation,536,Groundwater_elevation,2022-12-31T08:00:00.000Z,2022-12-31T08:00:00.000Z
129,UPE13-0087_1,UPE13-0087_1,42075,65781010,02.Final Water Elevation,536,Groundwater_elevation,2016-07-20T08:00:00.000Z,2023-12-21T08:00:00.000Z
132,UPE14-0024_1,UPE14-0024_1,41987,65784010,02.Final Water Elevation,536,Groundwater_elevation,2015-01-20T08:00:00.000Z,2024-01-03T08:00:00.000Z
134,UPE14-0071_1,UPE14-0071_1,41923,65786010,02.Final Water Elevation,536,Groundwater_elevation,2020-01-06T08:00:00.000Z,2020-12-01T08:00:00.000Z
135,UPE14-0082_1,UPE14-0082_1,42076,65787010,02.Final Water Elevation,536,Groundwater_elevation,2017-01-02T08:00:00.000Z,2023-12-30T08:00:00.000Z
136,UPE14-0082_2,UPE14-0082_2,42077,65788010,02.Final Water Elevation,536,Groundwater_elevation,2017-01-02T08:00:00.000Z,2023-12-30T08:00:00.000Z
137,UPE14-0082_3,UPE14-0082_3,42078,65789010,02.Final Water Elevation,536,Groundwater_elevation,2017-01-02T08:00:00.000Z,2023-12-30T08:00:00.000Z
138,UPE14-0090_1,UPE14-0090_1,41924,65790010,02.Final Water Elevation,536,Groundwater_elevation,2022-01-12T08:00:00.000Z,2023-12-15T08:00:00.000Z
139,UPE15-0031_1,UPE15-0031_1,41989,65791010,02.Final Water Elevation,536,Groundwater_elevation,2022-02-22T08:00:00.000Z,2022-12-21T08:00:00.000Z
143,UPE17-0010_1,UPE17-0010_1,619239,66050010,02.Final Water Elevation,536,Groundwater_elevation,2007-09-21T08:00:00.000Z,2019-09-09T08:00:00.000Z
147,UPE12-0027_2,UPE12-0027_2,619550,66166010,02.Final Water Elevation,536,Groundwater_elevation,2021-04-26T08:00:00.000Z,2022-10-10T08:00:00.000Z
148,UPE14-0055_1,UPE14-0055_1,619551,66168010,02.Final Water Elevation,536,Groundwater_elevation,2021-03-20T08:00:00.000Z,2024-01-16T08:00:00.000Z
149,UPE14-0082_4,UPE14-0082_4,619552,66170010,02.Final Water Elevation,536,Groundwater_elevation,2022-04-15T08:00:00.000Z,2023-12-30T08:00:00.000Z
150,UPE18-0010_1,UPE18-0010_1,619553,66172010,02.Final Water Elevation,536,Groundwater_elevation,2022-03-16T08:00:00.000Z,2023-12-12T08:00:00.000Z
152,UPE14-0057_1,UPE14-0057_1,622302,66284010,02.Final Water Elevation,536,Groundwater_elevation,2019-01-20T08:00:00.000Z,2019-01-20T08:00:00.000Z
153,UPE14-0104_1,UPE14-0104_1,622303,66286010,02.Final Water Elevation,536,Groundwater_elevation,2022-01-25T08:00:00.000Z,2024-01-30T08:00:00.000Z
154,UPE16-0058_1,UPE16-0058_1,622304,66288010,02.Final Water Elevation,536,Groundwater_elevation,2023-09-16T08:00:00.000Z,2023-12-12T08:00:00.000Z
155,UPE16-0058_2,UPE16-0058_2,622305,66290010,02.Final Water Elevation,536,Groundwater_elevation,2023-09-13T08:00:00.000Z,2023-12-12T08:00:00.000Z
156,UPE17-0053_1,UPE17-0053_1,622306,66292010,02.Final Water Elevation,536,Groundwater_elevation,2020-06-02T08:00:00.000Z,2023-11-14T08:00:00.000Z
7,WRM23-0004_1,WRM23-0004_1,619250,66072010,02.Final Water Elevation,536,Groundwater_elevation,2023-01-02T08:00:00.000Z,2023-09-04T08:00:00.000Z
8,WRM23-0005_1,WRM23-0005_1,619251,66074010,02.Final Water Elevation,536,Groundwater_elevation,2023-07-03T08:00:00.000Z,2023-11-06T08:00:00.000Z
19,WRM22-0104_1,WRM22-0104_1,619555,66174010,02.Final Water Elevation,536,Groundwater_elevation,2022-02-20T08:00:00.000Z,2023-12-29T08:00:00.000Z
20,WRM22-0206_1,WRM22-0206_1,619554,66176010,02.Final Water Elevation,536,Groundwater_elevation,2022-03-18T08:00:00.000Z,2023-11-09T08:00:00.000Z
21,WRM22-0221_1,WRM22-0221_1,619556,66178010,02.Final Water Elevation,536,Groundwater_elevation,2022-03-15T08:00:00.000Z,2022-11-15T08:00:00.000Z
22,WRM23-0006_1,WRM23-0006_1,619557,66180010,02.Final Water Elevation,536,Groundwater_elevation,2023-07-06T08:00:00.000Z,2024-01-01T08:00:00.000Z
23,WRM23-0009_1,WRM23-0009_1,619558,66182010,02.Final Water Elevation,536,Groundwater_elevation,2023-10-03T08:00:00.000Z,2023-10-03T08:00:00.000Z
24,WRM22-0063_2,WRM22-0063_2,622258,66294010,02.Final Water Elevation,536,Groundwater_elevation,2023-01-31T08:00:00.000Z,2023-11-28T08:00:00.000Z
25,WRM22-0207_1,WRM22-0207_1,622307,66296010,02.Final Water Elevation,536,Groundwater_elevation,2022-06-01T08:00:00.000Z,2023-10-02T08:00:00.000Z
26,WRM22-0212_1,WRM22-0212_1,622308,66298010,02.Final Water Elevation,536,Groundwater_elevation,2022-03-25T08:00:00.000Z,2023-01-05T08:00:00.000Z
27,WRM22-0215_1,WRM22-0215_1,622309,66301010,02.Final Water Elevation,536,Groundwater_elevation,2022-03-20T08:00:00.000Z,2023-12-29T08:00:00.000Z
